"ID","OccluderID","Sequence","LocationID"
1,1,1,1
2,1,2,2
3,1,3,3
4,1,4,4
189258,21749,1,189266
189259,21749,2,189267
189260,21749,3,189268
189261,21749,4,189269
189262,21750,1,189270
189263,21750,2,189271
189264,21750,3,189272
189265,21750,4,189273
189689,21845,1,189697
189690,21845,2,189698
189691,21845,3,189699
189692,21845,4,189700
189693,21845,5,189701
189694,21845,6,189702
189695,21845,7,189703
189696,21846,1,189704
189697,21846,2,189705
189698,21846,3,189706
189699,21846,4,189707
189700,21846,5,189708
189701,21846,6,189709
189702,21846,7,189710
189703,21846,8,189711
189704,21847,1,189712
189705,21847,2,189713
189706,21847,3,189714
189707,21847,4,189715
189708,21847,5,189716
189709,21847,6,189717
189710,21848,1,189718
189711,21848,2,189719
189712,21848,3,189720
189713,21848,4,189721
189714,21849,1,189722
189715,21849,2,189723
189716,21849,3,189724
189717,21849,4,189725
189718,21850,1,189726
189719,21850,2,189727
189720,21850,3,189728
189721,21850,4,189729
189722,21851,1,189730
189723,21851,2,189731
189724,21851,3,189732
189725,21851,4,189733
189726,21852,1,189734
189727,21852,2,189735
189728,21852,3,189736
189729,21852,4,189737
189730,21853,1,189738
189731,21853,2,189739
189732,21853,3,189740
189733,21853,4,189741
189734,21854,1,189742
189735,21854,2,189743
189736,21854,3,189744
189737,21854,4,189745
189738,21855,1,189746
189739,21855,2,189747
189740,21855,3,189748
189741,21855,4,189749
189742,21856,1,189750
189743,21856,2,189751
189744,21856,3,189752
189745,21856,4,189753
189746,21857,1,189754
189747,21857,2,189755
189748,21857,3,189756
189749,21857,4,189757
189750,21858,1,189758
189751,21858,2,189759
189752,21858,3,189760
189753,21858,4,189761
189754,21859,1,189762
189755,21859,2,189763
189756,21859,3,189764
189757,21859,4,189765
189758,21859,5,189766
189759,21860,1,189767
189760,21860,2,189768
189761,21860,3,189769
189762,21860,4,189770
189763,21860,5,189771
189764,21861,1,189772
189765,21861,2,189773
189766,21861,3,189774
189767,21861,4,189775
189768,21862,1,189776
189769,21862,2,189777
189770,21862,3,189778
189771,21862,4,189779
189772,21863,1,189780
189773,21863,2,189781
189774,21863,3,189782
189775,21863,4,189783
189776,21864,1,189784
189777,21864,2,189785
189778,21864,3,189786
189779,21864,4,189787
189780,21865,1,189788
189781,21865,2,189789
189782,21865,3,189790
189783,21865,4,189791
189784,21865,5,189792
189785,21865,6,189793
189786,21865,7,189794
189787,21866,1,189795
189788,21866,2,189796
189789,21866,3,189797
189790,21866,4,189798
189791,21867,1,189799
189792,21867,2,189800
189793,21867,3,189801
189794,21867,4,189802
189795,21867,5,189803
189796,21867,6,189804
189797,21867,7,189805
189798,21868,1,189806
189799,21868,2,189807
189800,21868,3,189808
189801,21868,4,189809
189802,21868,5,189810
189803,21869,1,189811
189804,21869,2,189812
189805,21869,3,189813
189806,21869,4,189814
189807,21870,1,189815
189808,21870,2,189816
189809,21870,3,189817
189810,21870,4,189818
189811,21871,1,189819
189812,21871,2,189820
189813,21871,3,189821
189814,21871,4,189822
189815,21871,5,189823
189816,21871,6,189824
189817,21871,7,189825
189818,21872,1,189826
189819,21872,2,189827
189820,21872,3,189828
189821,21872,4,189829
189822,21872,5,189830
189823,21873,1,189831
189824,21873,2,189832
189825,21873,3,189833
189826,21873,4,189834
189827,21874,1,189835
189828,21874,2,189836
189829,21874,3,189837
189830,21874,4,189838
189831,21875,1,189839
189832,21875,2,189840
189833,21875,3,189841
189834,21875,4,189842
189835,21876,1,189843
189836,21876,2,189844
189837,21876,3,189845
189838,21876,4,189846
189839,21877,1,189847
189840,21877,2,189848
189841,21877,3,189849
189842,21877,4,189850
189843,21878,1,189851
189844,21878,2,189852
189845,21878,3,189853
189846,21878,4,189854
189847,21879,1,189855
189848,21879,2,189856
189849,21879,3,189857
189850,21879,4,189858
189851,21880,1,189859
189852,21880,2,189860
189853,21880,3,189861
189854,21880,4,189862
189855,21881,1,189863
189856,21881,2,189864
189857,21881,3,189865
189858,21881,4,189866
189859,21882,1,189867
189860,21882,2,189868
189861,21882,3,189869
189862,21882,4,189870
189863,21883,1,189871
189864,21883,2,189872
189865,21883,3,189873
189866,21883,4,189874
189867,21884,1,189875
189868,21884,2,189876
189869,21884,3,189877
189870,21884,4,189878
189871,21884,5,189879
189872,21885,1,189880
189873,21885,2,189881
189874,21885,3,189882
189875,21885,4,189883
189876,21886,1,189884
189877,21886,2,189885
189878,21886,3,189886
189879,21886,4,189887
189880,21887,1,189888
189881,21887,2,189889
189882,21887,3,189890
189883,21887,4,189891
189884,21888,1,189892
189885,21888,2,189893
189886,21888,3,189894
189887,21888,4,189895
189888,21888,5,189896
189889,21889,1,189897
189890,21889,2,189898
189891,21889,3,189899
189892,21889,4,189900
189893,21890,1,189901
189894,21890,2,189902
189895,21890,3,189903
189896,21890,4,189904
189897,21891,1,189905
189898,21891,2,189906
189899,21891,3,189907
189900,21891,4,189908
189901,21892,1,189909
189902,21892,2,189910
189903,21892,3,189911
189904,21892,4,189912
189905,21893,1,189913
189906,21893,2,189914
189907,21893,3,189915
189908,21893,4,189916
189909,21893,5,189917
189910,21894,1,189918
189911,21894,2,189919
189912,21894,3,189920
189913,21894,4,189921
189914,21895,1,189922
189915,21895,2,189923
189916,21895,3,189924
189917,21895,4,189925
189918,21896,1,189926
189919,21896,2,189927
189920,21896,3,189928
189921,21896,4,189929
189922,21896,5,189930
189923,21896,6,189931
189924,21896,7,189932
189925,21897,1,189933
189926,21897,2,189934
189927,21897,3,189935
189928,21897,4,189936
189929,21897,5,189937
189930,21898,1,189938
189931,21898,2,189939
189932,21898,3,189940
189933,21898,4,189941
189934,21898,5,189942
189935,21899,1,189943
189936,21899,2,189944
189937,21899,3,189945
189938,21899,4,189946
189939,21899,5,189947
189940,21900,1,189948
189941,21900,2,189949
189942,21900,3,189950
189943,21900,4,189951
189944,21901,1,189952
189945,21901,2,189953
189946,21901,3,189954
189947,21901,4,189955
189948,21901,5,189956
189949,21901,6,189957
189950,21901,7,189958
189951,21901,8,189959
189952,21902,1,189960
189953,21902,2,189961
189954,21902,3,189962
189955,21902,4,189963
189956,21903,1,189964
189957,21903,2,189965
189958,21903,3,189966
189959,21903,4,189967
189960,21904,1,189968
189961,21904,2,189969
189962,21904,3,189970
189963,21904,4,189971
189964,21904,5,189972
189965,21905,1,189973
189966,21905,2,189974
189967,21905,3,189975
189968,21905,4,189976
189969,21905,5,189977
189970,21906,1,189978
189971,21906,2,189979
189972,21906,3,189980
189973,21906,4,189981
189974,21907,1,189982
189975,21907,2,189983
189976,21907,3,189984
189977,21907,4,189985
189978,21908,1,189986
189979,21908,2,189987
189980,21908,3,189988
189981,21908,4,189989
189982,21908,5,189990
189983,21909,1,189991
189984,21909,2,189992
189985,21909,3,189993
189986,21909,4,189994
189987,21910,1,189995
189988,21910,2,189996
189989,21910,3,189997
189990,21910,4,189998
189991,21911,1,189999
189992,21911,2,190000
189993,21911,3,190001
189994,21911,4,190002
189995,21912,1,190003
189996,21912,2,190004
189997,21912,3,190005
189998,21912,4,190006
189999,21912,5,190007
190000,21913,1,190008
190001,21913,2,190009
190002,21913,3,190010
190003,21913,4,190011
190004,21914,1,190012
190005,21914,2,190013
190006,21914,3,190014
190007,21914,4,190015
190008,21915,1,190016
190009,21915,2,190017
190010,21915,3,190018
190011,21915,4,190019
190012,21916,1,190020
190013,21916,2,190021
190014,21916,3,190022
190015,21916,4,190023
190016,21917,1,190024
190017,21917,2,190025
190018,21917,3,190026
190019,21917,4,190027
190020,21918,1,190028
190021,21918,2,190029
190022,21918,3,190030
190023,21918,4,190031
190024,21919,1,190032
190025,21919,2,190033
190026,21919,3,190034
190027,21919,4,190035
190028,21920,1,190036
190029,21920,2,190037
190030,21920,3,190038
190031,21920,4,190039
190032,21921,1,190040
190033,21921,2,190041
190034,21921,3,190042
190035,21921,4,190043
190036,21922,1,190044
190037,21922,2,190045
190038,21922,3,190046
190039,21922,4,190047
190567,22053,1,190575
190568,22053,2,190576
190569,22053,3,190577
190570,22053,4,190578
190571,22054,1,190579
190572,22054,2,190580
190573,22054,3,190581
190574,22054,4,190582
190575,22055,1,190583
190576,22055,2,190584
190577,22055,3,190585
190578,22055,4,190586
190579,22056,1,190587
190580,22056,2,190588
190581,22056,3,190589
190582,22056,4,190590
190583,22057,1,190591
190584,22057,2,190592
190585,22057,3,190593
190586,22057,4,190594
190587,22058,1,190595
190588,22058,2,190596
190589,22058,3,190597
190590,22058,4,190598
190591,22059,1,190599
190592,22059,2,190600
190593,22059,3,190601
190594,22059,4,190602
190595,22060,1,190603
190596,22060,2,190604
190597,22060,3,190605
190598,22060,4,190606
190599,22061,1,190607
190600,22061,2,190608
190601,22061,3,190609
190602,22061,4,190610
190603,22062,1,190611
190604,22062,2,190612
190605,22062,3,190613
190606,22062,4,190614
190607,22063,1,190615
190608,22063,2,190616
190609,22063,3,190617
190610,22063,4,190618
190611,22064,1,190619
190612,22064,2,190620
190613,22064,3,190621
190614,22064,4,190622
190615,22065,1,190623
190616,22065,2,190624
190617,22065,3,190625
190618,22065,4,190626
190619,22066,1,190627
190620,22066,2,190628
190621,22066,3,190629
190622,22066,4,190630
190623,22067,1,190631
190624,22067,2,190632
190625,22067,3,190633
190626,22067,4,190634
190627,22068,1,190635
190628,22068,2,190636
190629,22068,3,190637
190630,22068,4,190638
190631,22069,1,190639
190632,22069,2,190640
190633,22069,3,190641
190634,22069,4,190642
190635,22070,1,190643
190636,22070,2,190644
190637,22070,3,190645
190638,22070,4,190646
190639,22071,1,190647
190640,22071,2,190648
190641,22071,3,190649
190642,22071,4,190650
190643,22072,1,190651
190644,22072,2,190652
190645,22072,3,190653
190646,22072,4,190654
190647,22073,1,190655
190648,22073,2,190656
190649,22073,3,190657
190650,22073,4,190658
190651,22074,1,190659
190652,22074,2,190660
190653,22074,3,190661
190654,22074,4,190662
190655,22075,1,190663
190656,22075,2,190664
190657,22075,3,190665
190658,22075,4,190666
190659,22076,1,190667
190660,22076,2,190668
190661,22076,3,190669
190662,22076,4,190670
190663,22077,1,190671
190664,22077,2,190672
190665,22077,3,190673
190666,22077,4,190674
190667,22078,1,190675
190668,22078,2,190676
190669,22078,3,190677
190670,22078,4,190678
190671,22079,1,190679
190672,22079,2,190680
190673,22079,3,190681
190674,22079,4,190682
190675,22080,1,190683
190676,22080,2,190684
190677,22080,3,190685
190678,22080,4,190686
190679,22081,1,190687
190680,22081,2,190688
190681,22081,3,190689
190682,22081,4,190690
190683,22082,1,190691
190684,22082,2,190692
190685,22082,3,190693
190686,22082,4,190694
190687,22083,1,190695
190688,22083,2,190696
190689,22083,3,190697
190690,22083,4,190698
190691,22084,1,190699
190692,22084,2,190700
190693,22084,3,190701
190694,22084,4,190702
190695,22085,1,190703
190696,22085,2,190704
190697,22085,3,190705
190698,22085,4,190706
190699,22086,1,190707
190700,22086,2,190708
190701,22086,3,190709
190702,22086,4,190710
190703,22087,1,190711
190704,22087,2,190712
190705,22087,3,190713
190706,22087,4,190714
190707,22088,1,190715
190708,22088,2,190716
190709,22088,3,190717
190710,22088,4,190718
